10001, 2022-06-13, 28.22, Debit, 103
10002, 2022-06-13, 23.99, Cash, 102
10003, 2022-06-13, 23.0, Debit, 104
10004, 2022-06-13, 22.75, Cash, 101
10005, 2022-06-13, 7.039999999999999, Credit, 104
10006, 2022-06-13, 4.55, Debit, 102
10007, 2022-06-13, 79.56, Cash, 103
10008, 2022-06-13, 61.35, Credit, 103
10009, 2022-06-13, 41.160000000000004, Cash, 104
10010, 2022-06-13, 44.63999999999999, Cash, 103
10011, 2022-06-13, 29.010000000000005, Credit, 101
10012, 2022-06-13, 37.47, Cash, 104
10013, 2022-06-13, 17.32, Debit, 104
10014, 2022-06-13, 0.98, Credit, 102
10015, 2022-06-13, 37.919999999999995, Credit, 104
10016, 2022-06-13, 42.849999999999994, Debit, 104
10017, 2022-06-13, 34.18, Credit, 101
10018, 2022-06-13, 12.35, Cash, 101
10019, 2022-06-13, 31.93, Debit, 103
10020, 2022-06-13, 24.669999999999998, Debit, 101
10021, 2022-06-13, 41.29, Credit, 103
10022, 2022-06-13, 22.799999999999997, Cash, 104
10023, 2022-06-13, 40.620000000000005, Cash, 102
10024, 2022-06-13, 34.089999999999996, Cash, 103
10025, 2022-06-13, 33.47, Cash, 101
10026, 2022-06-13, 12.739999999999998, Credit, 104
10027, 2022-06-13, 21.99, Cash, 101
10028, 2022-06-13, 16.61, Debit, 101
10029, 2022-06-13, 45.89, Cash, 101
10030, 2022-06-13, 53.11000000000001, Debit, 104
10031, 2022-06-13, 3.7800000000000002, Debit, 104
10032, 2022-06-13, 35.839999999999996, Cash, 104
10033, 2022-06-13, 27.86, Credit, 102
10034, 2022-06-13, 66.15, Cash, 104
10035, 2022-06-12, 24.259999999999998, Debit, 101
10036, 2022-06-12, 3.4, Debit, 104
10037, 2022-06-12, 1.71, Debit, 104
10038, 2022-06-12, 17.580000000000002, Cash, 104
10039, 2022-06-12, 43.529999999999994, Credit, 102
10040, 2022-06-12, 37.11, Cash, 104
10041, 2022-06-12, 4.54, Debit, 104
10042, 2022-06-12, 10.4, Debit, 104
10043, 2022-06-12, 20.23, Debit, 103
10044, 2022-06-12, 33.18, Credit, 104
10045, 2022-06-12, 3.7600000000000002, Debit, 102
10046, 2022-06-12, 16.22, Cash, 103
10047, 2022-06-12, 5.97, Debit, 101
10048, 2022-06-12, 0.63, Debit, 101
10049, 2022-06-12, 45.589999999999996, Cash, 101
10050, 2022-06-12, 9.58, Cash, 103
10051, 2022-06-12, 9.66, Debit, 101
10052, 2022-06-12, 19.259999999999998, Cash, 102
10053, 2022-06-12, 13.799999999999999, Debit, 102
10054, 2022-06-12, 28.88, Cash, 104
10055, 2022-06-12, 46.07, Debit, 103
10056, 2022-06-12, 13.95, Debit, 101
10057, 2022-06-12, 14.850000000000001, Cash, 101
10058, 2022-06-12, 57.14, Credit, 102
10059, 2022-06-12, 40.81, Credit, 102
10060, 2022-06-12, 14.15, Debit, 101
10061, 2022-06-12, 15.220000000000002, Credit, 104
10062, 2022-06-12, 54.43000000000001, Credit, 102
10063, 2022-06-12, 14.87, Credit, 103
10064, 2022-06-12, 22.54, Cash, 103
10065, 2022-06-12, 54.89, Cash, 101
10066, 2022-06-12, 34.529999999999994, Cash, 103
10067, 2022-06-12, 8.620000000000001, Debit, 104
10068, 2022-06-12, 34.47, Debit, 103
10069, 2022-06-12, 31.36, Debit, 103
10070, 2022-06-12, 53.19, Cash, 101
10071, 2022-06-12, 62.35, Debit, 102
10072, 2022-06-12, 49.74, Credit, 103
10073, 2022-06-12, 1.39, Credit, 104
10074, 2022-06-12, 40.25, Credit, 103
10075, 2022-06-11, 50.03, Debit, 103
10076, 2022-06-11, 10.14, Credit, 104
10077, 2022-06-11, 49.17, Credit, 102
10078, 2022-06-11, 23.950000000000003, Cash, 102
10079, 2022-06-11, 14.64, Cash, 102
10080, 2022-06-11, 13.74, Cash, 103
10081, 2022-06-11, 47.379999999999995, Debit, 103
10082, 2022-06-11, 58.56999999999999, Debit, 103
10083, 2022-06-11, 6.970000000000001, Debit, 102
10084, 2022-06-11, 20.009999999999998, Cash, 103
10085, 2022-06-11, 27.400000000000002, Cash, 103
10086, 2022-06-11, 42.23, Debit, 104
10087, 2022-06-11, 25.17, Credit, 104
10088, 2022-06-11, 31.59, Credit, 103
10089, 2022-06-11, 7.56, Credit, 101
10090, 2022-06-11, 25.57, Debit, 102
10091, 2022-06-11, 53.48, Credit, 101
10092, 2022-06-11, 7.08, Credit, 101
10093, 2022-06-11, 7.41, Cash, 101
10094, 2022-06-11, 23.699999999999996, Credit, 101
10095, 2022-06-11, 16.83, Cash, 104
10096, 2022-06-11, 16.28, Debit, 103
10097, 2022-06-11, 44.7, Cash, 103
10098, 2022-06-11, 30.9, Debit, 104
10099, 2022-06-11, 29.669999999999998, Debit, 104
10100, 2022-06-11, 28.46, Credit, 102
10101, 2022-06-11, 31.17, Credit, 104
10102, 2022-06-11, 26.390000000000004, Debit, 103
10103, 2022-06-11, 3.67, Debit, 101
10104, 2022-06-11, 15.43, Credit, 104
10105, 2022-06-11, 9.370000000000001, Cash, 104
10106, 2022-06-11, 32.66, Credit, 103
10107, 2022-06-11, 19.33, Cash, 104
10108, 2022-06-11, 8.12, Credit, 104
10109, 2022-06-11, 28.22, Cash, 102
10110, 2022-06-11, 16.34, Cash, 103
10111, 2022-06-11, 1.47, Cash, 101
10112, 2022-06-11, 28.86, Credit, 102
10113, 2022-06-11, 14.549999999999999, Credit, 103
10114, 2022-06-11, 2.6500000000000004, Cash, 103
10115, 2022-06-11, 25.5, Credit, 103
10116, 2022-06-11, 49.839999999999996, Cash, 103
10117, 2022-06-10, 5.08, Credit, 104
10118, 2022-06-10, 2.09, Cash, 104
10119, 2022-06-10, 10.530000000000001, Debit, 102
10120, 2022-06-10, 65.58000000000001, Debit, 101
10121, 2022-06-10, 33.88, Credit, 101
10122, 2022-06-10, 12.42, Cash, 103
10123, 2022-06-10, 37.86, Credit, 102
10124, 2022-06-10, 30.580000000000002, Debit, 104
10125, 2022-06-10, 16.07, Cash, 104
10126, 2022-06-10, 21.400000000000002, Debit, 102
10127, 2022-06-10, 12.919999999999998, Debit, 103
10128, 2022-06-10, 28.370000000000005, Debit, 103
10129, 2022-06-10, 21.11, Credit, 104
10130, 2022-06-10, 22.19, Credit, 101
10131, 2022-06-10, 26.310000000000002, Debit, 101
10132, 2022-06-10, 45.78999999999999, Debit, 103
10133, 2022-06-10, 19.94, Cash, 103
10134, 2022-06-10, 8.51, Debit, 103
10135, 2022-06-10, 26.04, Cash, 102
10136, 2022-06-10, 15.16, Credit, 101
10137, 2022-06-10, 15.149999999999999, Cash, 103
10138, 2022-06-10, 14.68, Credit, 101
10139, 2022-06-10, 36.08, Credit, 103
10140, 2022-06-10, 16.97, Cash, 103
10141, 2022-06-10, 14.479999999999999, Debit, 101
10142, 2022-06-10, 3.71, Cash, 102
10143, 2022-06-10, 36.709999999999994, Debit, 101
10144, 2022-06-10, 5.32, Cash, 101
10145, 2022-06-10, 6.960000000000001, Credit, 103
10146, 2022-06-10, 4.94, Debit, 103
10147, 2022-06-10, 4.84, Cash, 101
10148, 2022-06-10, 50.28, Debit, 102
10149, 2022-06-10, 23.79, Cash, 103
10150, 2022-06-10, 25.54, Debit, 102
10151, 2022-06-10, 38.07000000000001, Cash, 101
10152, 2022-06-10, 7.52, Credit, 104
10153, 2022-06-10, 21.56, Credit, 101
10154, 2022-06-10, 5.93, Cash, 103
10155, 2022-06-10, 26.990000000000002, Cash, 101
10156, 2022-06-10, 5.14, Cash, 101
10157, 2022-06-10, 28.74, Cash, 101
10158, 2022-06-10, 22.450000000000003, Cash, 103
10159, 2022-06-10, 35.69, Credit, 103
10160, 2022-06-10, 1.15, Cash, 103
10161, 2022-06-10, 36.18, Cash, 104
10162, 2022-06-10, 42.85, Credit, 104
10163, 2022-06-10, 2.94, Credit, 104
10164, 2022-06-10, 42.84, Debit, 101
10165, 2022-06-09, 38.33, Credit, 101
10166, 2022-06-09, 21.75, Credit, 101
10167, 2022-06-09, 12.700000000000001, Credit, 103
10168, 2022-06-09, 22.770000000000003, Cash, 102
10169, 2022-06-09, 16.86, Cash, 101
10170, 2022-06-09, 11.35, Credit, 101
10171, 2022-06-09, 2.84, Credit, 101
10172, 2022-06-09, 44.199999999999996, Debit, 102
10173, 2022-06-09, 14.5, Cash, 102
10174, 2022-06-09, 39.0, Credit, 101
10175, 2022-06-09, 11.36, Debit, 102
10176, 2022-06-09, 20.060000000000002, Credit, 104
10177, 2022-06-09, 10.59, Credit, 104
10178, 2022-06-09, 23.580000000000002, Credit, 101
10179, 2022-06-09, 40.550000000000004, Debit, 102
10180, 2022-06-09, 34.12, Credit, 104
10181, 2022-06-09, 41.65, Cash, 101
10182, 2022-06-09, 15.110000000000001, Debit, 104
10183, 2022-06-09, 35.730000000000004, Credit, 102
10184, 2022-06-09, 3.43, Credit, 101
10185, 2022-06-09, 12.48, Debit, 104
10186, 2022-06-09, 44.839999999999996, Credit, 103
10187, 2022-06-09, 55.480000000000004, Debit, 101
10188, 2022-06-09, 59.13999999999999, Cash, 101
10189, 2022-06-09, 15.45, Debit, 103
10190, 2022-06-09, 41.459999999999994, Cash, 101
10191, 2022-06-09, 34.339999999999996, Debit, 101
10192, 2022-06-09, 45.85, Credit, 104
10193, 2022-06-09, 8.209999999999999, Cash, 101
10194, 2022-06-09, 50.92, Cash, 103
10195, 2022-06-09, 44.1, Cash, 104
10196, 2022-06-09, 27.85, Debit, 102
10197, 2022-06-09, 13.14, Cash, 102
10198, 2022-06-09, 21.09, Credit, 104
10199, 2022-06-09, 39.92, Cash, 103
10200, 2022-06-09, 15.69, Credit, 101
10201, 2022-06-09, 52.35, Debit, 101
10202, 2022-06-08, 5.27, Credit, 101
10203, 2022-06-08, 47.120000000000005, Debit, 101
10204, 2022-06-08, 36.57, Cash, 103
10205, 2022-06-08, 51.36, Debit, 104
10206, 2022-06-08, 34.769999999999996, Debit, 102
10207, 2022-06-08, 9.0, Credit, 103
10208, 2022-06-08, 1.52, Credit, 102
10209, 2022-06-08, 24.88, Credit, 101
10210, 2022-06-08, 15.74, Debit, 103
10211, 2022-06-08, 6.73, Cash, 103
10212, 2022-06-08, 6.51, Debit, 102
10213, 2022-06-08, 2.96, Cash, 102
10214, 2022-06-08, 25.609999999999996, Credit, 104
10215, 2022-06-08, 27.72, Debit, 103
10216, 2022-06-08, 40.26, Debit, 101
10217, 2022-06-08, 16.8, Debit, 102
10218, 2022-06-08, 49.04, Credit, 103
10219, 2022-06-08, 12.34, Cash, 104
10220, 2022-06-08, 29.17, Debit, 103
10221, 2022-06-08, 35.62, Cash, 103
10222, 2022-06-08, 18.78, Cash, 103
10223, 2022-06-08, 26.689999999999998, Debit, 102
10224, 2022-06-08, 6.300000000000001, Debit, 101
10225, 2022-06-08, 13.35, Credit, 102
10226, 2022-06-08, 47.330000000000005, Credit, 103
10227, 2022-06-08, 54.709999999999994, Cash, 104
10228, 2022-06-08, 9.67, Cash, 102
10229, 2022-06-08, 7.4399999999999995, Debit, 104
10230, 2022-06-08, 19.049999999999997, Credit, 103
10231, 2022-06-08, 47.8, Debit, 103
10232, 2022-06-08, 10.38, Credit, 102
10233, 2022-06-08, 49.82, Credit, 103
10234, 2022-06-08, 2.33, Cash, 103
10235, 2022-06-08, 39.01, Cash, 101
10236, 2022-06-08, 38.77, Debit, 101
10237, 2022-06-08, 8.72, Credit, 104
10238, 2022-06-08, 23.449999999999996, Cash, 103
10239, 2022-06-08, 20.509999999999998, Debit, 104
10240, 2022-06-08, 70.42, Debit, 102
10241, 2022-06-08, 16.24, Credit, 104
10242, 2022-06-07, 53.72, Cash, 103
10243, 2022-06-07, 27.21, Debit, 103
10244, 2022-06-07, 14.58, Credit, 101
10245, 2022-06-07, 19.88, Cash, 101
10246, 2022-06-07, 39.84, Credit, 102
10247, 2022-06-07, 36.71, Credit, 102
10248, 2022-06-07, 32.56, Cash, 103
10249, 2022-06-07, 40.32, Cash, 101
10250, 2022-06-07, 28.880000000000003, Credit, 103
10251, 2022-06-07, 24.62, Cash, 101
10252, 2022-06-07, 34.269999999999996, Credit, 103
10253, 2022-06-07, 5.18, Cash, 102
10254, 2022-06-07, 9.55, Cash, 103
10255, 2022-06-07, 14.33, Cash, 103
10256, 2022-06-07, 2.34, Credit, 102
10257, 2022-06-07, 39.09, Debit, 103
10258, 2022-06-07, 28.089999999999996, Credit, 104
10259, 2022-06-07, 15.1, Cash, 103
10260, 2022-06-07, 13.5, Cash, 104
10261, 2022-06-07, 11.52, Debit, 101
10262, 2022-06-07, 10.24, Debit, 102
10263, 2022-06-07, 57.47, Cash, 104
10264, 2022-06-07, 40.089999999999996, Debit, 102
10265, 2022-06-07, 19.089999999999996, Cash, 102
10266, 2022-06-07, 26.73, Debit, 103
10267, 2022-06-07, 22.240000000000002, Cash, 102
10268, 2022-06-07, 53.47, Cash, 102
10269, 2022-06-07, 30.73, Debit, 103
10270, 2022-06-07, 67.42999999999999, Cash, 104
10271, 2022-06-07, 37.92, Credit, 101
10272, 2022-06-07, 57.49999999999999, Cash, 103
10273, 2022-06-07, 26.32, Credit, 104
10274, 2022-06-07, 27.560000000000002, Credit, 103
10275, 2022-06-07, 2.66, Debit, 103
10276, 2022-06-07, 16.1, Cash, 104
10277, 2022-06-07, 0.66, Credit, 104
10278, 2022-06-07, 24.39, Credit, 104
10279, 2022-06-06, 7.93, Debit, 103
10280, 2022-06-06, 64.37, Credit, 101
10281, 2022-06-06, 9.39, Credit, 104
10282, 2022-06-06, 19.68, Debit, 104
10283, 2022-06-06, 10.86, Cash, 102
10284, 2022-06-06, 14.93, Credit, 104
10285, 2022-06-06, 43.13, Credit, 102
10286, 2022-06-06, 69.65, Credit, 102
10287, 2022-06-06, 29.18, Cash, 104
10288, 2022-06-06, 21.15, Debit, 103
10289, 2022-06-06, 15.05, Cash, 104
10290, 2022-06-06, 41.36, Cash, 103
10291, 2022-06-06, 41.98, Debit, 103
10292, 2022-06-06, 51.68000000000001, Credit, 103
10293, 2022-06-06, 27.15, Debit, 103
10294, 2022-06-06, 35.67, Debit, 104
10295, 2022-06-06, 3.19, Credit, 101
10296, 2022-06-06, 26.939999999999998, Debit, 104
10297, 2022-06-06, 48.64999999999999, Credit, 102
10298, 2022-06-06, 40.169999999999995, Credit, 103
10299, 2022-06-06, 6.82, Debit, 101
10300, 2022-06-06, 26.109999999999996, Cash, 103
10301, 2022-06-06, 24.34, Cash, 102
10302, 2022-06-06, 32.43, Debit, 102
10303, 2022-06-06, 30.38, Cash, 102
10304, 2022-06-06, 2.3, Credit, 103
10305, 2022-06-06, 41.0, Credit, 101
10306, 2022-06-06, 20.88, Cash, 104
10307, 2022-06-06, 39.3, Credit, 103
10308, 2022-06-06, 34.73, Debit, 102
10309, 2022-06-06, 34.83, Credit, 102
10310, 2022-06-06, 4.99, Debit, 104
10311, 2022-06-06, 20.65, Credit, 103
10312, 2022-06-06, 41.76, Credit, 103
10313, 2022-06-06, 18.62, Cash, 104
10314, 2022-06-05, 32.46, Debit, 104
10315, 2022-06-05, 14.629999999999999, Debit, 102
10316, 2022-06-05, 7.99, Cash, 102
10317, 2022-06-05, 29.78, Debit, 103
10318, 2022-06-05, 2.19, Debit, 101
10319, 2022-06-05, 13.64, Debit, 102
10320, 2022-06-05, 10.95, Cash, 103
10321, 2022-06-05, 18.4, Credit, 103
10322, 2022-06-05, 17.39, Debit, 102
10323, 2022-06-05, 12.18, Credit, 102
10324, 2022-06-05, 40.379999999999995, Credit, 104
10325, 2022-06-05, 10.52, Cash, 101
10326, 2022-06-05, 43.839999999999996, Debit, 101
10327, 2022-06-05, 5.9, Cash, 101
10328, 2022-06-05, 9.32, Cash, 101
10329, 2022-06-05, 44.519999999999996, Credit, 101
10330, 2022-06-05, 50.300000000000004, Cash, 103
10331, 2022-06-05, 47.53, Cash, 101
10332, 2022-06-05, 41.35, Debit, 104
10333, 2022-06-05, 10.790000000000001, Cash, 102
10334, 2022-06-05, 42.8, Cash, 101
10335, 2022-06-05, 36.0, Debit, 103
10336, 2022-06-05, 6.27, Cash, 104
10337, 2022-06-05, 62.88999999999999, Cash, 102
10338, 2022-06-05, 18.42, Cash, 101
10339, 2022-06-05, 21.78, Credit, 103
10340, 2022-06-05, 15.059999999999999, Debit, 104
10341, 2022-06-05, 52.120000000000005, Cash, 104
10342, 2022-06-05, 43.099999999999994, Credit, 101
10343, 2022-06-05, 18.820000000000004, Debit, 102
10344, 2022-06-05, 38.760000000000005, Credit, 101
10345, 2022-06-05, 38.38, Debit, 101
10346, 2022-06-05, 55.34, Cash, 104
10347, 2022-06-05, 31.909999999999997, Cash, 101
10348, 2022-06-05, 33.660000000000004, Cash, 104
10349, 2022-06-05, 4.14, Credit, 101
10350, 2022-06-05, 20.61, Cash, 103
10351, 2022-06-04, 26.55, Credit, 102
10352, 2022-06-04, 15.09, Credit, 104
10353, 2022-06-04, 14.29, Debit, 103
10354, 2022-06-04, 49.73, Cash, 104
10355, 2022-06-04, 46.47999999999999, Cash, 103
10356, 2022-06-04, 48.239999999999995, Credit, 103
10357, 2022-06-04, 43.129999999999995, Credit, 103
10358, 2022-06-04, 2.67, Cash, 104
10359, 2022-06-04, 16.78, Debit, 102
10360, 2022-06-04, 7.17, Cash, 102
10361, 2022-06-04, 29.54, Cash, 103
10362, 2022-06-04, 52.08, Cash, 101
10363, 2022-06-04, 26.33, Debit, 104
10364, 2022-06-04, 41.57, Debit, 101
10365, 2022-06-04, 29.43, Cash, 101
10366, 2022-06-04, 18.740000000000002, Debit, 104
10367, 2022-06-04, 2.92, Credit, 103
10368, 2022-06-04, 13.04, Debit, 102
10369, 2022-06-04, 19.11, Credit, 103
10370, 2022-06-04, 51.41, Debit, 103
10371, 2022-06-04, 42.4, Cash, 102
10372, 2022-06-04, 38.589999999999996, Credit, 103
10373, 2022-06-04, 17.44, Debit, 103
10374, 2022-06-04, 46.43999999999999, Credit, 104
10375, 2022-06-04, 63.580000000000005, Debit, 104
10376, 2022-06-04, 17.130000000000003, Cash, 101
10377, 2022-06-04, 9.82, Credit, 103
10378, 2022-06-04, 12.16, Debit, 102
10379, 2022-06-04, 47.62, Debit, 103
10380, 2022-06-04, 60.87, Debit, 103
10381, 2022-06-04, 33.91, Cash, 103
10382, 2022-06-04, 3.12, Credit, 102
10383, 2022-06-04, 55.2, Debit, 102
10384, 2022-06-03, 40.58, Credit, 104
10385, 2022-06-03, 11.15, Cash, 103
10386, 2022-06-03, 15.65, Cash, 104
10387, 2022-06-03, 12.1, Cash, 101
10388, 2022-06-03, 6.379999999999999, Debit, 102
10389, 2022-06-03, 23.35, Debit, 104
10390, 2022-06-03, 29.43, Cash, 102
10391, 2022-06-03, 8.61, Credit, 103
10392, 2022-06-03, 45.94, Credit, 104
10393, 2022-06-03, 48.300000000000004, Credit, 101
10394, 2022-06-03, 5.65, Cash, 101
10395, 2022-06-03, 4.27, Debit, 104
10396, 2022-06-03, 3.4, Debit, 103
10397, 2022-06-03, 3.15, Cash, 103
10398, 2022-06-03, 30.16, Credit, 102
10399, 2022-06-03, 53.44, Credit, 104
10400, 2022-06-03, 37.239999999999995, Credit, 102
10401, 2022-06-03, 56.46, Cash, 101
10402, 2022-06-03, 36.62, Credit, 103
10403, 2022-06-03, 21.840000000000003, Debit, 101
10404, 2022-06-03, 81.13000000000001, Debit, 103
10405, 2022-06-03, 21.68, Credit, 101
10406, 2022-06-03, 20.41, Cash, 104
10407, 2022-06-03, 55.31, Debit, 103
10408, 2022-06-03, 42.38, Credit, 101
10409, 2022-06-03, 56.81, Cash, 103
10410, 2022-06-03, 57.35000000000001, Credit, 103
10411, 2022-06-03, 49.41, Credit, 104
10412, 2022-06-03, 28.73, Cash, 104
10413, 2022-06-03, 22.95, Cash, 103
10414, 2022-06-03, 39.32000000000001, Credit, 103
10415, 2022-06-03, 37.25, Cash, 101
10416, 2022-06-02, 28.27, Cash, 103
10417, 2022-06-02, 4.97, Debit, 101
10418, 2022-06-02, 27.23, Credit, 102
10419, 2022-06-02, 49.39000000000001, Cash, 103
10420, 2022-06-02, 44.67, Credit, 101
10421, 2022-06-02, 0.65, Credit, 103
10422, 2022-06-02, 58.010000000000005, Debit, 102
10423, 2022-06-02, 53.06, Credit, 103
10424, 2022-06-02, 20.21, Cash, 103
10425, 2022-06-02, 9.77, Debit, 103
10426, 2022-06-02, 45.41, Cash, 102
10427, 2022-06-02, 5.65, Cash, 102
10428, 2022-06-02, 38.81, Debit, 101
10429, 2022-06-02, 8.51, Cash, 101
10430, 2022-06-02, 8.030000000000001, Credit, 103
10431, 2022-06-02, 42.78, Debit, 103
10432, 2022-06-02, 54.64999999999999, Credit, 102
10433, 2022-06-02, 6.82, Cash, 104
10434, 2022-06-02, 53.97, Credit, 104
10435, 2022-06-02, 39.31, Debit, 102
10436, 2022-06-02, 46.449999999999996, Debit, 101
10437, 2022-06-02, 43.87, Debit, 101
10438, 2022-06-02, 4.449999999999999, Cash, 101
10439, 2022-06-02, 7.28, Cash, 104
10440, 2022-06-02, 7.7, Cash, 104
10441, 2022-06-02, 25.85, Credit, 104
10442, 2022-06-02, 3.04, Credit, 102
10443, 2022-06-02, 31.63, Debit, 103
10444, 2022-06-02, 4.41, Credit, 102
10445, 2022-06-02, 26.77, Cash, 102
10446, 2022-06-02, 20.83, Cash, 103
10447, 2022-06-02, 28.4, Cash, 104
10448, 2022-06-02, 17.599999999999998, Credit, 101
10449, 2022-06-02, 34.300000000000004, Credit, 101
10450, 2022-06-02, 24.11, Credit, 103
10451, 2022-06-02, 21.46, Cash, 103
10452, 2022-06-02, 14.17, Debit, 102
10453, 2022-06-02, 66.88000000000001, Credit, 104
10454, 2022-06-01, 25.019999999999996, Cash, 103
10455, 2022-06-01, 37.08, Debit, 103
10456, 2022-06-01, 8.48, Cash, 104
10457, 2022-06-01, 39.35, Credit, 104
10458, 2022-06-01, 28.0, Debit, 102
10459, 2022-06-01, 21.25, Cash, 101
10460, 2022-06-01, 34.72, Debit, 101
10461, 2022-06-01, 20.93, Cash, 103
10462, 2022-06-01, 10.6, Credit, 104
10463, 2022-06-01, 8.68, Credit, 103
10464, 2022-06-01, 9.08, Cash, 101
10465, 2022-06-01, 9.93, Cash, 102
10466, 2022-06-01, 8.690000000000001, Credit, 103
10467, 2022-06-01, 16.08, Cash, 102
10468, 2022-06-01, 44.11, Cash, 103
10469, 2022-06-01, 25.719999999999995, Credit, 103
10470, 2022-06-01, 17.650000000000002, Cash, 103
10471, 2022-06-01, 37.330000000000005, Credit, 101
10472, 2022-06-01, 18.709999999999997, Cash, 104
10473, 2022-06-01, 15.96, Credit, 104
10474, 2022-06-01, 17.32, Debit, 103
10475, 2022-06-01, 29.119999999999997, Cash, 104
10476, 2022-06-01, 3.71, Cash, 103
10477, 2022-06-01, 3.7699999999999996, Cash, 101
10478, 2022-06-01, 37.980000000000004, Debit, 103
10479, 2022-06-01, 35.47, Credit, 102
10480, 2022-06-01, 49.79, Debit, 102
10481, 2022-06-01, 31.549999999999997, Debit, 102
10482, 2022-06-01, 2.03, Debit, 104
10483, 2022-06-01, 68.47999999999999, Cash, 103
10484, 2022-06-01, 41.97, Cash, 102
10485, 2022-06-01, 4.69, Cash, 104
10486, 2022-06-01, 48.88, Debit, 101
10487, 2022-06-01, 13.760000000000002, Credit, 103
10488, 2022-06-01, 23.700000000000003, Debit, 101
10489, 2022-06-01, 10.58, Debit, 102
10490, 2022-06-01, 23.53, Debit, 102
10491, 2022-06-01, 34.07, Debit, 102
10492, 2022-06-01, 9.88, Debit, 103
10493, 2022-06-01, 45.6, Debit, 103
10494, 2022-06-01, 45.59, Credit, 104
10495, 2022-05-31, 29.64, Debit, 102
10496, 2022-05-31, 31.539999999999996, Cash, 101
10497, 2022-05-31, 26.56, Cash, 103
10498, 2022-05-31, 64.49999999999999, Credit, 103
10499, 2022-05-31, 42.56, Credit, 101
10500, 2022-05-31, 20.06, Cash, 103
10501, 2022-05-31, 39.88, Credit, 101
10502, 2022-05-31, 41.81, Credit, 101
10503, 2022-05-31, 31.98, Debit, 104
10504, 2022-05-31, 11.649999999999999, Debit, 103
10505, 2022-05-31, 16.689999999999998, Cash, 104
10506, 2022-05-31, 45.51, Cash, 103
10507, 2022-05-31, 21.41, Debit, 103
10508, 2022-05-31, 21.630000000000003, Credit, 101
10509, 2022-05-31, 5.99, Cash, 103
10510, 2022-05-31, 57.27, Credit, 104
10511, 2022-05-31, 65.97, Credit, 102
10512, 2022-05-31, 18.12, Cash, 101
10513, 2022-05-31, 15.89, Cash, 101
10514, 2022-05-31, 8.79, Cash, 101
10515, 2022-05-31, 39.080000000000005, Cash, 101
10516, 2022-05-31, 17.650000000000002, Debit, 103
10517, 2022-05-31, 20.22, Cash, 102
10518, 2022-05-31, 55.809999999999995, Cash, 101
10519, 2022-05-31, 29.299999999999997, Cash, 101
10520, 2022-05-31, 55.11, Credit, 104
10521, 2022-05-31, 4.09, Debit, 104
10522, 2022-05-31, 31.580000000000002, Debit, 104
10523, 2022-05-31, 12.95, Cash, 102
10524, 2022-05-31, 39.53, Cash, 103
10525, 2022-05-31, 21.29, Credit, 101
10526, 2022-05-31, 29.230000000000004, Debit, 102
10527, 2022-05-31, 44.14, Cash, 101
10528, 2022-05-30, 17.730000000000004, Credit, 104
10529, 2022-05-30, 98.33000000000001, Credit, 101
10530, 2022-05-30, 76.67, Credit, 104
10531, 2022-05-30, 50.39, Cash, 102
10532, 2022-05-30, 9.13, Cash, 103
10533, 2022-05-30, 14.879999999999999, Credit, 103
10534, 2022-05-30, 11.870000000000001, Credit, 102
10535, 2022-05-30, 20.209999999999997, Debit, 103
10536, 2022-05-30, 4.6, Credit, 102
10537, 2022-05-30, 25.69, Credit, 104
10538, 2022-05-30, 28.92, Credit, 102
10539, 2022-05-30, 10.969999999999999, Cash, 101
10540, 2022-05-30, 12.840000000000002, Debit, 102
10541, 2022-05-30, 57.629999999999995, Debit, 103
10542, 2022-05-30, 10.18, Debit, 101
10543, 2022-05-30, 15.389999999999999, Cash, 101
10544, 2022-05-30, 14.9, Credit, 101
10545, 2022-05-30, 52.38, Debit, 101
10546, 2022-05-30, 3.13, Cash, 101
10547, 2022-05-30, 65.91999999999999, Cash, 102
10548, 2022-05-30, 51.2, Debit, 102
10549, 2022-05-30, 31.580000000000002, Debit, 103
10550, 2022-05-30, 8.790000000000001, Cash, 102
10551, 2022-05-30, 47.33, Credit, 101
10552, 2022-05-30, 12.38, Credit, 103
10553, 2022-05-30, 37.480000000000004, Credit, 102
10554, 2022-05-30, 36.589999999999996, Cash, 102
10555, 2022-05-30, 31.630000000000003, Cash, 101
10556, 2022-05-30, 33.26, Debit, 103
10557, 2022-05-30, 30.090000000000003, Credit, 104
10558, 2022-05-30, 32.13, Cash, 102
10559, 2022-05-30, 26.62, Credit, 104
10560, 2022-05-30, 43.56999999999999, Cash, 102
10561, 2022-05-29, 48.97, Credit, 101
10562, 2022-05-29, 23.43, Cash, 104
10563, 2022-05-29, 31.130000000000003, Cash, 101
10564, 2022-05-29, 43.339999999999996, Credit, 104
10565, 2022-05-29, 2.81, Debit, 104
10566, 2022-05-29, 11.14, Cash, 103
10567, 2022-05-29, 5.800000000000001, Debit, 102
10568, 2022-05-29, 9.13, Debit, 104
10569, 2022-05-29, 38.93, Cash, 104
10570, 2022-05-29, 54.959999999999994, Credit, 103
10571, 2022-05-29, 29.169999999999998, Debit, 102
10572, 2022-05-29, 25.929999999999996, Debit, 103
10573, 2022-05-29, 59.16, Credit, 101
10574, 2022-05-29, 41.10000000000001, Debit, 103
10575, 2022-05-29, 37.83, Debit, 103
10576, 2022-05-29, 26.429999999999996, Credit, 104
10577, 2022-05-29, 30.52, Cash, 104
10578, 2022-05-29, 27.71, Credit, 101
10579, 2022-05-29, 43.06, Debit, 104
10580, 2022-05-29, 12.84, Cash, 102
10581, 2022-05-29, 11.62, Cash, 102
10582, 2022-05-29, 22.12, Debit, 101
10583, 2022-05-29, 41.06999999999999, Debit, 102
10584, 2022-05-29, 51.51, Credit, 104
10585, 2022-05-29, 16.28, Debit, 102
10586, 2022-05-29, 52.459999999999994, Credit, 104
10587, 2022-05-29, 33.099999999999994, Cash, 104
10588, 2022-05-29, 8.82, Cash, 104
10589, 2022-05-29, 37.22, Debit, 102
10590, 2022-05-29, 9.11, Cash, 104
10591, 2022-05-29, 21.52, Credit, 102
10592, 2022-05-29, 3.75, Credit, 101
10593, 2022-05-29, 21.15, Credit, 102
10594, 2022-05-29, 2.95, Debit, 104
10595, 2022-05-29, 28.93, Cash, 101
10596, 2022-05-29, 27.29, Credit, 101
10597, 2022-05-29, 10.66, Credit, 104
10598, 2022-05-28, 9.54, Credit, 103
10599, 2022-05-28, 18.28, Credit, 102
10600, 2022-05-28, 54.739999999999995, Debit, 102
10601, 2022-05-28, 9.8, Credit, 101
10602, 2022-05-28, 24.790000000000003, Debit, 102
10603, 2022-05-28, 30.96, Debit, 102
10604, 2022-05-28, 15.41, Credit, 101
10605, 2022-05-28, 51.64000000000001, Debit, 103
10606, 2022-05-28, 1.52, Debit, 102
10607, 2022-05-28, 0.84, Debit, 102
10608, 2022-05-28, 6.290000000000001, Credit, 104
10609, 2022-05-28, 19.79, Debit, 101
10610, 2022-05-28, 11.95, Debit, 102
10611, 2022-05-28, 33.010000000000005, Debit, 101
10612, 2022-05-28, 29.220000000000002, Cash, 101
10613, 2022-05-28, 26.9, Debit, 104
10614, 2022-05-28, 26.47, Credit, 101
10615, 2022-05-28, 27.759999999999998, Credit, 103
10616, 2022-05-28, 24.33, Credit, 101
10617, 2022-05-28, 3.85, Debit, 101
10618, 2022-05-28, 15.79, Debit, 103
10619, 2022-05-28, 48.370000000000005, Cash, 101
10620, 2022-05-28, 42.629999999999995, Debit, 101
10621, 2022-05-28, 16.3, Cash, 102
10622, 2022-05-28, 38.949999999999996, Debit, 102
10623, 2022-05-28, 23.130000000000003, Debit, 101
10624, 2022-05-28, 31.54, Credit, 102
10625, 2022-05-28, 20.509999999999998, Credit, 102
10626, 2022-05-28, 4.859999999999999, Debit, 101
10627, 2022-05-28, 52.050000000000004, Cash, 103
10628, 2022-05-28, 14.129999999999999, Cash, 104
10629, 2022-05-28, 42.0, Cash, 104
10630, 2022-05-28, 22.22, Credit, 104
10631, 2022-05-28, 4.51, Cash, 102
10632, 2022-05-28, 1.01, Debit, 104
10633, 2022-05-28, 25.490000000000002, Debit, 103
10634, 2022-05-28, 46.64, Cash, 101
10635, 2022-05-28, 40.59, Cash, 101
10636, 2022-05-28, 30.89, Cash, 103
10637, 2022-05-28, 31.9, Cash, 103
10638, 2022-05-28, 25.79, Cash, 103
10639, 2022-05-27, 6.37, Cash, 104
10640, 2022-05-27, 21.830000000000002, Credit, 101
10641, 2022-05-27, 34.83, Cash, 101
10642, 2022-05-27, 32.06, Debit, 104
10643, 2022-05-27, 20.81, Cash, 104
10644, 2022-05-27, 19.880000000000003, Cash, 103
10645, 2022-05-27, 29.67, Credit, 102
10646, 2022-05-27, 20.419999999999998, Debit, 104
10647, 2022-05-27, 55.47999999999999, Cash, 102
10648, 2022-05-27, 17.6, Credit, 103
10649, 2022-05-27, 33.13, Cash, 102
10650, 2022-05-27, 5.699999999999999, Debit, 104
10651, 2022-05-27, 68.58, Debit, 102
10652, 2022-05-27, 53.699999999999996, Debit, 104
10653, 2022-05-27, 36.370000000000005, Debit, 101
10654, 2022-05-27, 7.390000000000001, Credit, 103
10655, 2022-05-27, 16.77, Credit, 101
10656, 2022-05-27, 32.209999999999994, Credit, 103
10657, 2022-05-27, 30.550000000000004, Debit, 104
10658, 2022-05-27, 11.9, Debit, 101
10659, 2022-05-27, 15.4, Cash, 102
10660, 2022-05-27, 22.29, Cash, 104
10661, 2022-05-27, 5.63, Cash, 101
10662, 2022-05-27, 2.38, Cash, 102
10663, 2022-05-27, 5.11, Cash, 104
10664, 2022-05-27, 33.010000000000005, Cash, 102
10665, 2022-05-27, 20.029999999999998, Debit, 102
10666, 2022-05-27, 15.770000000000001, Debit, 104
10667, 2022-05-27, 13.34, Debit, 103
10668, 2022-05-27, 4.78, Credit, 102
10669, 2022-05-27, 21.98, Debit, 102
10670, 2022-05-27, 11.399999999999999, Credit, 101
10671, 2022-05-27, 3.47, Debit, 101
10672, 2022-05-27, 63.57, Debit, 104
10673, 2022-05-27, 44.14, Credit, 101
10674, 2022-05-27, 2.79, Cash, 103
10675, 2022-05-27, 46.37, Debit, 104
10676, 2022-05-27, 5.5600000000000005, Debit, 101
10677, 2022-05-27, 52.68, Cash, 103
10678, 2022-05-27, 46.86, Debit, 102
10679, 2022-05-27, 12.32, Credit, 103
10680, 2022-05-26, 43.86, Cash, 103
10681, 2022-05-26, 44.88, Credit, 103
10682, 2022-05-26, 20.21, Debit, 101
10683, 2022-05-26, 22.339999999999996, Debit, 101
10684, 2022-05-26, 18.3, Cash, 101
10685, 2022-05-26, 55.33, Cash, 102
10686, 2022-05-26, 56.64, Debit, 103
10687, 2022-05-26, 12.5, Cash, 101
10688, 2022-05-26, 2.63, Cash, 103
10689, 2022-05-26, 52.199999999999996, Cash, 102
10690, 2022-05-26, 21.15, Debit, 101
10691, 2022-05-26, 36.800000000000004, Cash, 104
10692, 2022-05-26, 4.43, Debit, 103
10693, 2022-05-26, 21.369999999999997, Credit, 102
10694, 2022-05-26, 4.93, Cash, 101
10695, 2022-05-26, 9.16, Credit, 101
10696, 2022-05-26, 11.98, Credit, 103
10697, 2022-05-26, 20.000000000000004, Cash, 104
10698, 2022-05-26, 16.23, Cash, 104
10699, 2022-05-26, 15.350000000000001, Debit, 101
10700, 2022-05-26, 28.689999999999998, Debit, 101
10701, 2022-05-26, 2.7, Debit, 101
10702, 2022-05-26, 31.880000000000003, Credit, 103
10703, 2022-05-26, 1.71, Credit, 103
10704, 2022-05-26, 31.02, Cash, 103
10705, 2022-05-26, 22.93, Credit, 101
10706, 2022-05-26, 33.19, Credit, 103
10707, 2022-05-26, 52.38000000000001, Debit, 103
10708, 2022-05-26, 26.77, Debit, 102
10709, 2022-05-26, 29.609999999999996, Debit, 101
10710, 2022-05-26, 42.45, Debit, 104
10711, 2022-05-26, 11.84, Cash, 101
10712, 2022-05-26, 20.71, Cash, 101
10713, 2022-05-26, 52.529999999999994, Cash, 102
10714, 2022-05-26, 37.85, Credit, 101
10715, 2022-05-26, 19.240000000000002, Credit, 102
10716, 2022-05-26, 43.18000000000001, Cash, 102
10717, 2022-05-26, 19.34, Debit, 103
10718, 2022-05-26, 4.54, Cash, 101
10719, 2022-05-25, 30.92, Cash, 103
10720, 2022-05-25, 30.199999999999996, Debit, 103
10721, 2022-05-25, 25.48, Credit, 102
10722, 2022-05-25, 30.369999999999997, Debit, 103
10723, 2022-05-25, 33.46, Cash, 104
10724, 2022-05-25, 12.01, Cash, 101
10725, 2022-05-25, 27.93, Credit, 102
10726, 2022-05-25, 13.52, Debit, 103
10727, 2022-05-25, 56.720000000000006, Credit, 101
10728, 2022-05-25, 1.39, Cash, 103
10729, 2022-05-25, 41.699999999999996, Debit, 104
10730, 2022-05-25, 41.97, Cash, 103
10731, 2022-05-25, 6.23, Credit, 103
10732, 2022-05-25, 38.05, Debit, 102
10733, 2022-05-25, 34.82, Debit, 102
10734, 2022-05-25, 10.63, Debit, 102
10735, 2022-05-25, 20.16, Debit, 102
10736, 2022-05-25, 7.609999999999999, Debit, 104
10737, 2022-05-25, 31.519999999999996, Cash, 103
10738, 2022-05-25, 48.489999999999995, Credit, 103
10739, 2022-05-25, 48.660000000000004, Cash, 101
10740, 2022-05-25, 18.5, Debit, 104
10741, 2022-05-25, 11.56, Debit, 103
10742, 2022-05-25, 26.06, Credit, 101
10743, 2022-05-25, 38.080000000000005, Credit, 104
10744, 2022-05-25, 17.930000000000003, Debit, 101
10745, 2022-05-25, 2.09, Debit, 103
10746, 2022-05-25, 26.090000000000003, Debit, 103
10747, 2022-05-25, 32.95, Debit, 104
10748, 2022-05-25, 25.209999999999997, Debit, 102
10749, 2022-05-25, 53.6, Credit, 102
10750, 2022-05-25, 14.16, Cash, 104
10751, 2022-05-25, 63.14, Credit, 103
10752, 2022-05-25, 2.86, Cash, 102
10753, 2022-05-25, 2.9, Debit, 104
10754, 2022-05-25, 20.76, Cash, 101
10755, 2022-05-25, 31.649999999999995, Credit, 102
10756, 2022-05-25, 31.000000000000004, Credit, 101
10757, 2022-05-24, 32.540000000000006, Debit, 101
10758, 2022-05-24, 32.29, Cash, 104
10759, 2022-05-24, 14.009999999999998, Credit, 103
10760, 2022-05-24, 17.77, Cash, 102
10761, 2022-05-24, 18.23, Debit, 103
10762, 2022-05-24, 37.11, Debit, 101
10763, 2022-05-24, 16.23, Cash, 103
10764, 2022-05-24, 48.12, Credit, 101
10765, 2022-05-24, 41.82, Credit, 101
10766, 2022-05-24, 20.759999999999998, Cash, 101
10767, 2022-05-24, 38.63999999999999, Cash, 102
10768, 2022-05-24, 30.19, Debit, 104
10769, 2022-05-24, 27.22, Cash, 104
10770, 2022-05-24, 3.85, Debit, 103
10771, 2022-05-24, 19.65, Debit, 104
10772, 2022-05-24, 23.7, Debit, 103
10773, 2022-05-24, 10.849999999999998, Credit, 101
10774, 2022-05-24, 9.9, Credit, 104
10775, 2022-05-24, 30.119999999999994, Debit, 104
10776, 2022-05-24, 64.84, Credit, 102
10777, 2022-05-24, 2.35, Debit, 104
10778, 2022-05-24, 30.46, Debit, 104
10779, 2022-05-24, 20.53, Cash, 103
10780, 2022-05-24, 20.3, Debit, 101
10781, 2022-05-24, 26.33, Debit, 103
10782, 2022-05-24, 7.84, Debit, 104
10783, 2022-05-24, 33.57, Cash, 101
10784, 2022-05-24, 26.72, Cash, 102
10785, 2022-05-24, 31.44, Debit, 104
10786, 2022-05-24, 10.09, Cash, 103
10787, 2022-05-24, 55.25, Debit, 101
10788, 2022-05-24, 53.339999999999996, Cash, 102
10789, 2022-05-24, 33.839999999999996, Debit, 102
10790, 2022-05-24, 24.93, Debit, 103
10791, 2022-05-24, 24.61, Credit, 103
10792, 2022-05-24, 46.37, Debit, 102
10793, 2022-05-24, 10.309999999999999, Cash, 101
10794, 2022-05-24, 62.14, Cash, 102
10795, 2022-05-24, 2.22, Debit, 104
10796, 2022-05-24, 4.93, Credit, 101
10797, 2022-05-24, 2.96, Credit, 101
10798, 2022-05-24, 0.69, Cash, 101
10799, 2022-05-24, 44.06, Credit, 101
10800, 2022-05-24, 37.83, Debit, 104
10801, 2022-05-24, 57.08, Cash, 101
10802, 2022-05-24, 6.16, Credit, 104
10803, 2022-05-24, 8.53, Credit, 103
10804, 2022-05-24, 51.33, Debit, 101
10805, 2022-05-24, 40.32, Debit, 103
10806, 2022-05-24, 24.89, Cash, 101
10807, 2022-05-24, 76.1, Debit, 101
10808, 2022-05-24, 43.35000000000001, Credit, 102
10809, 2022-05-24, 34.57, Debit, 104
10810, 2022-05-24, 16.3, Cash, 102
10811, 2022-05-24, 7.95, Debit, 103
10812, 2022-05-24, 40.68, Credit, 102
10813, 2022-05-24, 59.779999999999994, Debit, 104
10814, 2022-05-24, 36.44, Debit, 104
10815, 2022-05-24, 26.969999999999995, Credit, 101
10816, 2022-05-24, 3.73, Credit, 104
10817, 2022-05-24, 23.909999999999997, Debit, 104
10818, 2022-05-24, 68.83, Cash, 104
10819, 2022-05-24, 46.5, Credit, 101
10820, 2022-05-24, 23.119999999999997, Cash, 101
10821, 2022-05-24, 45.11, Cash, 102
10822, 2022-05-24, 22.189999999999998, Cash, 101
10823, 2022-05-24, 42.96, Credit, 102
10824, 2022-05-24, 15.73, Debit, 101
10825, 2022-05-24, 24.490000000000002, Cash, 103
10826, 2022-05-24, 32.449999999999996, Debit, 101
10827, 2022-05-24, 1.01, Debit, 103
10828, 2022-05-24, 26.849999999999998, Cash, 102
10829, 2022-05-24, 38.42, Cash, 102
10830, 2022-05-24, 27.53, Debit, 104
10831, 2022-05-24, 13.77, Debit, 102
10832, 2022-05-24, 16.42, Credit, 102
10833, 2022-05-24, 20.430000000000003, Credit, 101
10834, 2022-05-24, 3.34, Credit, 101
10835, 2022-05-24, 3.73, Debit, 103
10836, 2022-05-24, 41.56, Credit, 102
10837, 2022-05-24, 61.419999999999995, Debit, 102
10838, 2022-05-24, 27.87, Debit, 103
10839, 2022-05-24, 24.76, Debit, 103
10840, 2022-05-24, 21.700000000000003, Cash, 102
10841, 2022-05-24, 18.92, Cash, 102
10842, 2022-05-24, 20.66, Debit, 104
10843, 2022-05-24, 33.85, Cash, 102
10844, 2022-05-24, 28.88, Debit, 103
10845, 2022-05-24, 4.98, Cash, 103
10846, 2022-05-24, 3.91, Debit, 102
10847, 2022-05-24, 31.25, Cash, 104
10848, 2022-05-24, 4.49, Cash, 102
10849, 2022-05-24, 53.48, Credit, 102
10850, 2022-05-24, 42.94, Credit, 103
10851, 2022-05-24, 4.05, Cash, 104
10852, 2022-05-24, 37.28, Credit, 101
10853, 2022-05-24, 1.79, Debit, 101
10854, 2022-05-24, 10.97, Cash, 102
10855, 2022-05-24, 1.93, Credit, 103
10856, 2022-05-24, 44.86, Cash, 104
10857, 2022-05-24, 27.660000000000004, Debit, 104
10858, 2022-05-24, 29.619999999999997, Credit, 104
10859, 2022-05-24, 36.64, Debit, 104
10860, 2022-05-24, 2.24, Credit, 101
10861, 2022-05-24, 19.62, Credit, 102
10862, 2022-05-24, 6.49, Debit, 104
10863, 2022-05-24, 43.86, Cash, 102
10864, 2022-05-24, 9.309999999999999, Debit, 103
10865, 2022-05-24, 3.61, Debit, 104
10866, 2022-05-24, 26.26, Debit, 103
10867, 2022-05-24, 15.63, Debit, 102
10868, 2022-05-24, 19.66, Debit, 104
10869, 2022-05-24, 41.47, Debit, 103
10870, 2022-05-24, 42.39, Debit, 102
